{
  "current_axes" : "coupled",
  "custom_axes" : {
    "coupled" : {
      "a" : [
        [ 2.000000000000 ],
        [ 6.000000000000 ],
        [ 4.000000000000 ],
        [ 0.000000000000 ],
        [ 6.000000000000 ],
        [ 24.000000000000 ]
      ],
      "b" : [
        [ 2.000000000000 ],
        [ 6.000000000000 ],
        [ 4.000000000000 ],
        [ 0.000000000000 ],
        [ -6.000000000000 ],
        [ 24.000000000000 ]
      ],
      "components" : [ "Na", "Va", "Zr", "Si", "P", "O" ],
      "independent_compositions" : 2,
      "mol_formula" : "Na(8-6a-6b)Va(6a+6b)Zr(4)Si(6-6a-6b)P(6a-6b)O(24)",
      "origin" : [
        [ 8.000000000000 ],
        [ 0.000000000000 ],
        [ 4.000000000000 ],
        [ 6.000000000000 ],
        [ 0.000000000000 ],
        [ 24.000000000000 ]
      ],
      "param_formula" : "a(0.388889-0.0277778Na+0.0277778Va-0.0277778Si+0.0833333P)b(0.388889-0.0277778Na+0.0277778Va-0.0277778Si-0.0833333P)"
    }
  },
  "standard_axes" : {
    "0" : {
      "a" : [
        [ 8.000000000000 ],
        [ 0.000000000000 ],
        [ 4.000000000000 ],
        [ 0.000000000000 ],
        [ 6.000000000000 ],
        [ 24.000000000000 ]
      ],
      "b" : [
        [ 0.000000000000 ],
        [ 8.000000000000 ],
        [ 4.000000000000 ],
        [ 6.000000000000 ],
        [ 0.000000000000 ],
        [ 24.000000000000 ]
      ],
      "components" : [ "Na", "Va", "Zr", "Si", "P", "O" ],
      "independent_compositions" : 2,
      "mol_formula" : "Na(8-8b)Va(8b)Zr(4)Si(6-6a)P(6a)O(24)",
      "origin" : [
        [ 8.000000000000 ],
        [ 0.000000000000 ],
        [ 4.000000000000 ],
        [ 6.000000000000 ],
        [ 0.000000000000 ],
        [ 24.000000000000 ]
      ],
      "param_formula" : "a(0.5-0.0833333Si+0.0833333P)b(0.5-0.0625Na+0.0625Va)"
    },
    "1" : {
      "a" : [
        [ 8.000000000000 ],
        [ 0.000000000000 ],
        [ 4.000000000000 ],
        [ 6.000000000000 ],
        [ 0.000000000000 ],
        [ 24.000000000000 ]
      ],
      "b" : [
        [ 0.000000000000 ],
        [ 8.000000000000 ],
        [ 4.000000000000 ],
        [ 0.000000000000 ],
        [ 6.000000000000 ],
        [ 24.000000000000 ]
      ],
      "components" : [ "Na", "Va", "Zr", "Si", "P", "O" ],
      "independent_compositions" : 2,
      "mol_formula" : "Na(8-8b)Va(8b)Zr(4)Si(6a)P(6-6a)O(24)",
      "origin" : [
        [ 8.000000000000 ],
        [ 0.000000000000 ],
        [ 4.000000000000 ],
        [ 0.000000000000 ],
        [ 6.000000000000 ],
        [ 24.000000000000 ]
      ],
      "param_formula" : "a(0.5+0.0833333Si-0.0833333P)b(0.5-0.0625Na+0.0625Va)"
    },
    "2" : {
      "a" : [
        [ 8.000000000000 ],
        [ 0.000000000000 ],
        [ 4.000000000000 ],
        [ 6.000000000000 ],
        [ 0.000000000000 ],
        [ 24.000000000000 ]
      ],
      "b" : [
        [ 0.000000000000 ],
        [ 8.000000000000 ],
        [ 4.000000000000 ],
        [ 0.000000000000 ],
        [ 6.000000000000 ],
        [ 24.000000000000 ]
      ],
      "components" : [ "Na", "Va", "Zr", "Si", "P", "O" ],
      "independent_compositions" : 2,
      "mol_formula" : "Na(8a)Va(8-8a)Zr(4)Si(6-6b)P(6b)O(24)",
      "origin" : [
        [ 0.000000000000 ],
        [ 8.000000000000 ],
        [ 4.000000000000 ],
        [ 6.000000000000 ],
        [ 0.000000000000 ],
        [ 24.000000000000 ]
      ],
      "param_formula" : "a(0.5+0.0625Na-0.0625Va)b(0.5-0.0833333Si+0.0833333P)"
    },
    "3" : {
      "a" : [
        [ 8.000000000000 ],
        [ 0.000000000000 ],
        [ 4.000000000000 ],
        [ 0.000000000000 ],
        [ 6.000000000000 ],
        [ 24.000000000000 ]
      ],
      "b" : [
        [ 0.000000000000 ],
        [ 8.000000000000 ],
        [ 4.000000000000 ],
        [ 6.000000000000 ],
        [ 0.000000000000 ],
        [ 24.000000000000 ]
      ],
      "components" : [ "Na", "Va", "Zr", "Si", "P", "O" ],
      "independent_compositions" : 2,
      "mol_formula" : "Na(8a)Va(8-8a)Zr(4)Si(6b)P(6-6b)O(24)",
      "origin" : [
        [ 0.000000000000 ],
        [ 8.000000000000 ],
        [ 4.000000000000 ],
        [ 0.000000000000 ],
        [ 6.000000000000 ],
        [ 24.000000000000 ]
      ],
      "param_formula" : "a(0.5+0.0625Na-0.0625Va)b(0.5+0.0833333Si-0.0833333P)"
    }
  }
}